line,text,filename
1,A green frog sat on a log.,c55bff59.mp3
2,Amazing!,5c1c3eaf.mp3
3,An owl hoots in the tree.,ff50f377.mp3
4,Beautiful writing!,908df157.mp3
5,Blend Bonanza,126c5061.mp3
6,Brilliant!,b18c961b.mp3
7,Build the word! Tap the sounds in order.,b294a810.mp3
8,Can you find,70a4e405.mp3
9,Dad and Pip nap.,618d6acd.mp3
10,Fantastic!,2f797c69.mp3
11,Finish the last adventure to unlock this one!,ead69eaf.mp3
12,First Sounds,5f919733.mp3
13,Floppy and the boy fly a kite.,9bbebc5a.mp3
14,Floppy curls up to sleep.,4a976441.mp3
15,Floppy gets a wet chin!,17edfe5c.mp3
16,Floppy got a red cup.,bc043201.mp3
17,Floppy has a big box.,5b42b887.mp3
18,Floppy is a big dog.,a11f7bd8.mp3
19,Floppy sees a star.,cca3cc20.mp3
20,Floppy stomps in the pond.,cd12068a.mp3
21,Great job!,97c462c4.mp3
22,Hello! I'm Floppy. Let's go on a phonics adventure!,698bfa1b.mp3
23,Here are all your stickers!,0fb9f416.mp3
24,Hooray! You finished the whole adventure! Here is your certificate!,d4d124f1.mp3
25,In the box is a fish!,50f6823e.mp3
26,It is a fine day to play.,28cef160.mp3
27,It is night. The moon is up.,4088e3d5.mp3
28,"It went hop, hop, jump!",2d09301f.mp3
29,Kite Day,a6601850.mp3
30,Let's listen again.,9bf4fd3b.mp3
31,Magic E & More,3d8d38b2.mp3
32,Moon Night,c3d278a6.mp3
33,Mum got the cup back. Good dog!,8ffdb53e.mp3
34,Nearly! Try again.,4ee66470.mp3
35,Now let's blend it!,0210c883.mp3
36,"Ooh, not quite. Have another go!",3dfe0112.mp3
37,Pawsome!,1bb0189e.mp3
38,Pick an adventure!,deef4636.mp3
39,Pip is an ant.,2bbd2a12.mp3
40,Pip sat on a map.,b6371358.mp3
41,Pip the Ant,b9fa9884.mp3
42,Pop the balloon with this sound.,21255f97.mp3
43,Read the word. Which picture is it?,9d58a87f.mp3
44,Sound Safari,50398e44.mp3
45,Special Friends,89833181.mp3
46,Splash! The frog swims past.,d650a99b.mp3
47,Super reading!,b11de39b.mp3
48,Tap a card to hear its sound.,26c5c987.mp3
49,Tap the play button and read along with me!,a87f4640.mp3
50,"Tap, tap, tap! It is Dad.",c0c6ee15.mp3
51,The Fish in the Box,c758ddc3.mp3
52,The Frog Pond,03246ed5.mp3
53,The Red Cup,1be51be3.mp3
54,The cup fell in the mud!,bb1b3090.mp3
55,The fish can swish and splash.,1275d5c8.mp3
56,The kite glides like a bird.,5905e896.mp3
57,The wind takes it up high in the sky.,a73c6afd.mp3
58,Trace the letter with your finger.,9101ece5.mp3
59,Vowel Teams,e9ccc550.mp3
60,What shall we play?,1ec7f074.mp3
61,Woof woof! Well done!,d1697073.mp3
62,You did it!,92f7ec51.mp3
63,You finished the game!,5a97a834.mp3
64,You won a new sticker!,32f8425d.mp3
65,a,e40c292c.mp3
66,ah,4324f60c.mp3
67,ah… as in apple,e1d4d34d.mp3
68,air,33324a17.mp3
69,air… as in chair,733fdb3d.mp3
70,an,4124f2e6.mp3
71,and,0f29c2a6.mp3
72,ant,1f29dbd6.mp3
73,apple,10bc2abf.mp3
74,ar,5d251efa.mp3
75,ar… as in star,16bedec5.mp3
76,as in,6fea231c.mp3
77,ay,542510cf.mp3
78,ay… as in cake,56b0f25c.mp3
79,ay… as in play,3f3ae55a.mp3
80,ay… as in rain,834eb066.mp3
81,back,5bb421a2.mp3
82,ball,348f1364.mp3
83,bath,30cb3740.mp3
84,bed,50ae46ec.mp3
85,bee,51ae487f.mp3
86,bell,826e1638.mp3
87,big,53cacdb9.mp3
88,bike,c4602668.mp3
89,bird,977128b2.mp3
90,boat,dcb746fb.mp3
91,bone,db90e18f.mp3
92,box,70c67e32.mp3
93,boy,71c67fc5.mp3
94,buh,74d58f08.mp3
95,buh… as in ball,5093b0a6.mp3
96,bus,5fd56df9.mp3
97,cake,8aea8859.mp3
98,can,f0743965.mp3
99,car,047458e1.mp3
100,cat,06745c07.mp3
101,ch,5f299f4e.mp3
102,chair,5cb49d8a.mp3
103,chick,f697ec5b.mp3
104,chin,8c384f51.mp3
105,chip,96385f0f.mp3
106,ch… as in chick,9f54546b.mp3
107,clock,15a40f5d.mp3
108,cloud,1ac6a97e.mp3
109,coin,d24d060c.mp3
110,corn,d45e5253.mp3
111,cow,f78ddc50.mp3
112,crab,90407463.mp3
113,cube,6b91d120.mp3
114,cup,fa56340f.mp3
115,curls,876f96b8.mp3
116,dad,e74f26b6.mp3
117,day,e44f21fd.mp3
118,dog,e668bd09.mp3
119,dr,471cad93.mp3
120,drum,c26f9aed.mp3
121,dr… as in drum,36e982f4.mp3
122,duck,bb323378.mp3
123,duh,eb3117ee.mp3
124,duh… as in duck,bee1d368.mp3
125,ear,666e1bb3.mp3
126,ear… as in ear,daaee4a4.mp3
127,ee,381a575f.mp3
128,ee… as in bee,421759ac.mp3
129,ee… as in leaf,5f3eeba8.mp3
130,egg,597d11c6.mp3
131,eh,3b1a5c18.mp3
132,eh… as in egg,52139dc8.mp3
133,eye,8ba8ed1a.mp3
134,eye… as in kite,3ade7af2.mp3
135,eye… as in night,52bad31d.mp3
136,eye… as in pie,254b9f71.mp3
137,feet,bb357f55.mp3
138,fell,ad46b26c.mp3
139,fff,b3095351.mp3
140,fff… as in fish,3a46b640.mp3
141,fine,bef086ed.mp3
142,fish,afad8963.mp3
143,fl,6122e6af.mp3
144,flag,bdeaa8d7.mp3
145,floppy,de75f89b.mp3
146,fly,bff162e2.mp3
147,fl… as in flag,0ab5951a.mp3
148,fork,3e58c421.mp3
149,fox,b6f3934e.mp3
150,frog,9bcd89e7.mp3
151,frr,aed7b039.mp3
152,frr… as in frog,a4cf4d0c.mp3
153,gets,73eb1dac.mp3
154,glides,bd525213.mp3
155,goat,0e6f5bde.mp3
156,good,fa6031d8.mp3
157,got,581bb82d.mp3
158,green,011decbc.mp3
159,guh,38351db3.mp3
160,guh… as in goat,78d6188f.mp3
161,hand,c4ba2f20.mp3
162,has,edbf0fe3.mp3
163,hat,f2bf17c2.mp3
164,hen,08b4ad08.mp3
165,high,3dddb9fd.mp3
166,hoots,8fc4df70.mp3
167,hop,fac3a188.mp3
168,huh,ee8d74aa.mp3
169,huh… as in hat,bcf9293e.mp3
170,ih,43387dc4.mp3
171,ih… as in insect,9530c277.mp3
172,in,41387a9e.mp3
173,insect,ccce80a1.mp3
174,is,4e388f15.mp3
175,it,47388410.mp3
176,jam,e0edcc7b.mp3
177,juh,dbbc27d0.mp3
178,juh… as in jam,f8b93ce1.mp3
179,jump,a73f5c0d.mp3
180,king,da13e3d6.mp3
181,kite,dbfbe216.mp3
182,kr,553d1748.mp3
183,kr… as in crab,abd9cab5.mp3
184,ks,563d18db.mp3
185,ks… as in fox,9ef233d9.mp3
186,kuh,593cc03f.mp3
187,kuh… as in cat,0238ebcc.mp3
188,kuh… as in duck,950bcdb1.mp3
189,kuh… as in kite,2a4f39eb.mp3
190,kw,5a3d1f27.mp3
191,kw… as in queen,fe039cda.mp3
192,leaf,2648cd55.mp3
193,leg,3f6ae937.mp3
194,light,e29d1e2f.mp3
195,like,0be7cf36.mp3
196,lion,f2dead7f.mp3
197,lll,365991eb.mp3
198,lll… as in lion,801bdcde.mp3
199,log,3f515151.mp3
200,man,e9a2ff6f.mp3
201,map,dfa2efb1.mp3
202,milk,888e7aa2.mp3
203,mmm,ca99d446.mp3
204,mmm… as in moon,48ca0ae8.mp3
205,moon,f184ae40.mp3
206,mud,e384e0e9.mp3
207,mum,ea84ebee.mp3
208,nap,118ee480.mp3
209,nd,593661cf.mp3
210,nd… as in hand,b83b2649.mp3
211,nest,5ed0d48b.mp3
212,ng,5a366362.mp3
213,ng… as in ring,39cb576f.mp3
214,night,e6de9f61.mp3
215,nnn,11b54859.mp3
216,nnn… as in nest,1ace7ed0.mp3
217,"o, as in on",ba01167a.mp3
218,"o, as in on… as in octopus",785d04c2.mp3
219,octopus,bebfab0e.mp3
220,oh,67343942.mp3
221,oh… as in boat,ca77e7ff.mp3
222,oh… as in bone,c9669d4b.mp3
223,on,61342fd0.mp3
224,oo,62343163.mp3
225,oo… as in moon,db699bcd.mp3
226,or,5d342984.mp3
227,or… as in fork,88c3be43.mp3
228,or… as in paw,e524dd69.mp3
229,ow,5a3424cb.mp3
230,owl,a715b2e5.mp3
231,ow… as in cloud,300175ed.mp3
232,ow… as in cow,90171e8b.mp3
233,oy,583421a5.mp3
234,oy… as in boy,b2cf6754.mp3
235,oy… as in coin,c59812d3.mp3
236,pan,4f55eeec.mp3
237,past,827a7e1d.mp3
238,paw,68561647.mp3
239,pie,6a40feb5.mp3
240,pig,6840fb8f.mp3
241,pin,6f410694.mp3
242,pip,5540dda6.mp3
243,pl,454e4739.mp3
244,play,c2cbd863.mp3
245,plug,b0ada6f9.mp3
246,pl… as in plug,2a77af16.mp3
247,pond,7bdb184a.mp3
248,puh,55727a72.mp3
249,puh… as in pig,4ca63223.mp3
250,queen,0fb740c9.mp3
251,rabbit,cb619ce5.mp3
252,rain,89a3b5d3.mp3
253,red,40f480dc.mp3
254,ring,f75afb6b.mp3
255,rose,10421806.mp3
256,rrr,38deadf5.mp3
257,rrr… as in rabbit,91c7edb6.mp3
258,sad,e61cac07.mp3
259,sat,d61c92d7.mp3
260,sees,5f45d449.mp3
261,shell,11e1fc01.mp3
262,shh,e42df202.mp3
263,shh… as in ship,9b7e04b3.mp3
264,ship,ac56f17f.mp3
265,sky,cd2b8f36.mp3
266,sleep,89eabb08.mp3
267,sn,41521284.mp3
268,snail,8afbb84a.mp3
269,snake,aff5e25b.mp3
270,sn… as in snail,f56ed710.mp3
271,sock,0d523ad5.mp3
272,sp,47521bf6.mp3
273,splash,96e31366.mp3
274,spoon,336f28b6.mp3
275,sp… as in spoon,e4ab07ce.mp3
276,sss,c33f0730.mp3
277,sss… as in sun,a945310b.mp3
278,st,4b522242.mp3
279,star,d13b2f71.mp3
280,stomps,f54fde4b.mp3
281,st… as in star,6a8992ad.mp3
282,sun,e04e3f61.mp3
283,surf,21fb9b39.mp3
284,swims,b84e425a.mp3
285,swish,bb031261.mp3
286,tail,0f39a863.mp3
287,takes,342bea3f.mp3
288,tap,aaf74aa2.mp3
289,tent,aa134e60.mp3
290,th,41454691.mp3
291,the,b40eb21c.mp3
292,thumb,f3ac9ae3.mp3
293,th… as in thumb,7d0a4596.mp3
294,tiger,f270b0b8.mp3
295,tin,bd0aeeb0.mp3
296,to,42454824.mp3
297,tr,47455003.mp3
298,train,78556c69.mp3
299,tree,6d8b34d5.mp3
300,tr… as in train,feb76b26.mp3
301,tuh,9b28ce3e.mp3
302,tuh… as in tiger,71cf33f8.mp3
303,uh,5b4330e8.mp3
304,uh… as in umbrella,fad302a3.mp3
305,umbrella,f590e1e5.mp3
306,up,43430b20.mp3
307,ur,45430e46.mp3
308,ur… as in bird,221bd14a.mp3
309,ur… as in surf,15fb4281.mp3
310,van,9625faa2.mp3
311,vvv,905fdcc1.mp3
312,vvv… as in van,b269d367.mp3
313,web,0fd9bc91.mp3
314,went,d8b9cf23.mp3
315,wet,21d9d8e7.mp3
316,whale,670001f6.mp3
317,wind,1414f107.mp3
318,wuh,25b13cc3.mp3
319,wuh… as in web,d0603dba.mp3
320,wuh… as in whale,cec171d9.mp3
321,yo-yo,9e7cbab8.mp3
322,you,50b8d09c.mp3
323,you… as in cube,180618ba.mp3
324,yuh,697850a1.mp3
325,yuh… as in yo-yo,0ba45ba5.mp3
326,zebra,7499948f.mp3
327,zip,ab8273b4.mp3
328,zzz,a7b0389d.mp3
329,zzz… as in zebra,667f6d02.mp3
